https://www.wikibr.pl/	8717982dd4812917	200	Wiki BR
http://wikibr.pl/index.php/Acerodon	4df0b064f2f60535	200	Acerodon – Wiki BR
http://wikibr.pl/index.php/Admirał_Utoru	2b8e862ccc50f593	200	Admirał Utoru – Wiki BR
http://wikibr.pl/index.php/Aktywności_w_grze	63d7b36391463f71	200	Aktywności w grze – Wiki BR
http://wikibr.pl/index.php/Alpha	43068495baa163d3	200	Alpha – Wiki BR
http://wikibr.pl/index.php/Amorek	eb456673812860d3	200	Amorek – Wiki BR
http://wikibr.pl/index.php/Amorfa	c5b4ef17ed135972	200	Amorfa – Wiki BR
http://wikibr.pl/index.php/Amulet_Gromu	c1677698f380a1ca	200	Amulet Gromu – Wiki BR
http://wikibr.pl/index.php/Amulet_orków	af38a28a662ebf53	200	Amulet orków – Wiki BR
http://wikibr.pl/index.php/Angwalf-Htaga	58f5694df8e0ea27	200	Angwalf-Htaga – Wiki BR
http://wikibr.pl/index.php/Aqua_Regis	924a6c145a3bdc54	200	Aqua Regis – Wiki BR
http://wikibr.pl/index.php/Aragonit	a7a66ec7899704ce	200	Aragonit – Wiki BR
http://wikibr.pl/index.php/Arail	617f564262aa7d2d	200	Arail – Wiki BR
http://wikibr.pl/index.php/Arcyvulsor	354eb556966ce3c5	200	Arcyvulsor – Wiki BR
http://wikibr.pl/index.php/Argasid	a32c64b69fb9fff1	200	Argasid – Wiki BR
http://wikibr.pl/index.php/Armatnia_kula	ab7ccb2f89abe3e1	200	Armatnia kula – Wiki BR
http://wikibr.pl/index.php/Aromatyczny_pył	a01d567f5d6e9957	200	Aromatyczny pył – Wiki BR
http://wikibr.pl/index.php/Artefakty	cf51f67dc9e7af5f	200	Artefakty – Wiki BR
http://wikibr.pl/index.php/Astronom	8bd3214289a66465	200	Astronom – Wiki BR
http://wikibr.pl/index.php/Awans_Epika	e03e1b7f47830a5f	200	Awans Epika – Wiki BR
http://wikibr.pl/index.php/Babadek	031785f7af30735e	200	Babadek – Wiki BR
http://wikibr.pl/index.php/Bagienne_ziele	cf092fb3e063c040	200	Bagienne ziele – Wiki BR
http://wikibr.pl/index.php/Bagna	336366f72308d7e3	200	Bagna – Wiki BR
http://wikibr.pl/index.php/Barbarzyńca	aa6825c8ce2a34d6	200	Barbarzyńca – Wiki BR
http://wikibr.pl/index.php/Belka_sekwoi	6369b0b7be9b3d13	200	Belka sekwoi – Wiki BR
http://wikibr.pl/index.php/Bezwodnik_Średni	d99145097748fd10	200	Bezwodnik Średni – Wiki BR
http://wikibr.pl/index.php/Biały_Druid	06a93521d44908fb	200	Biały Druid – Wiki BR
http://wikibr.pl/index.php/Biały_Nietoperz	00dd19a5fbe54f85	200	Biały Nietoperz – Wiki BR
http://wikibr.pl/index.php/Biały_Ogar	bf6943d97941a392	200	Biały Ogar – Wiki BR
http://wikibr.pl/index.php/Bibliotekarz	edf8ecd1636df312	200	Bibliotekarz – Wiki BR
http://wikibr.pl/index.php/Blok_granitu	22d309171300ee60	200	Blok granitu – Wiki BR
http://wikibr.pl/index.php/Bombarda	7dec87f727cac672	200	Bombarda – Wiki BR
http://wikibr.pl/index.php/Borsuk	8b00ae6560512c92	200	Borsuk – Wiki BR
http://wikibr.pl/index.php/Bosak	f81a4d298c5169bd	200	Bosak – Wiki BR
http://wikibr.pl/index.php/Bossy	244e864e7e9df3b6	200	Bossy – Wiki BR
http://wikibr.pl/index.php/Brachyura	6ccf9b6df51e0251	200	Brachyura – Wiki BR
http://wikibr.pl/index.php/Brenadir	99947b5f9239fa94	200	Brenadir – Wiki BR
http://wikibr.pl/index.php/Broken_HUD	6288ff3a431a389e	200	Broken HUD – Wiki BR
http://wikibr.pl/index.php/Brosza_Ghadiry	8a507aae10ad0aeb	200	Brosza Ghadiry – Wiki BR
http://wikibr.pl/index.php/Budulec	efd5428ec60b4178	200	Budulec – Wiki BR
http://wikibr.pl/index.php/Buhaj	6faac4a3ef5a034d	200	Buhaj – Wiki BR
http://wikibr.pl/index.php/Bursztyny	cd981b3148d670a0	200	Bursztyny – Wiki BR
http://wikibr.pl/index.php/Butla_morskiej_wody	995f46e7863e24fa	200	Butla morskiej wody – Wiki BR
http://wikibr.pl/index.php/Butla_z_grubego_szkła	106df4664e9efc4a	200	Butla z grubego szkła – Wiki BR
http://wikibr.pl/index.php/Buława_haligardzka	851465f569083388	200	Buława haligardzka – Wiki BR
http://wikibr.pl/index.php/Bydlęcy_eliksir_miłości	5ffde9e33f736307	200	Bydlęcy eliksir miłości – Wiki BR
http://wikibr.pl/index.php/Chorągiew_haligardzka	c93879180e116a3b	200	Chorągiew haligardzka – Wiki BR
http://wikibr.pl/index.php/Ciemny_Ogar	4a685e5930d29fd4	200	Ciemny Ogar – Wiki BR
http://wikibr.pl/index.php/Cień	913e7d9518ef61bb	200	Cień – Wiki BR
http://wikibr.pl/index.php/Ciężka_Łapa	1094fe2bfab4b451	200	Ciężka Łapa – Wiki BR
http://wikibr.pl/index.php/Custoder	22acb0114f397237	200	Custoder – Wiki BR
http://wikibr.pl/index.php/Cybulski	80d45083c9fda12b	200	Cybulski – Wiki BR
http://wikibr.pl/index.php/Czarna_Perła	79aa75473b760923	200	Czarna Perła – Wiki BR
http://wikibr.pl/index.php/Czarna_Wdowa	096bdce3ddbfb5b9	200	Czarna Wdowa – Wiki BR
http://wikibr.pl/index.php/Czarny_Kruk	805843f132e15ab5	200	Czarny Kruk – Wiki BR
http://wikibr.pl/index.php/Czarny_Ogar	e1e8c356637aabf1	200	Czarny Ogar – Wiki BR
http://wikibr.pl/index.php/Czaszka_Haligardczyka	89912bca4a086421	200	Czaszka Haligardczyka – Wiki BR
http://wikibr.pl/index.php/Czempioni	30ee69a149e3a74c	200	Czempioni – Wiki BR
http://wikibr.pl/index.php/Czerwona_Mikstura	048f0ad2e3a6b043	200	Czerwona Mikstura – Wiki BR
http://wikibr.pl/index.php/Cząstka_Czasu	28b77061c0f46faf	200	Cząstka Czasu – Wiki BR
http://wikibr.pl/index.php/Człowiek_Ghadiry	f68d1948e037c723	200	Człowiek Ghadiry – Wiki BR
http://wikibr.pl/index.php/Daimonit	c020415d78c2f6b7	200	Daimonit – Wiki BR
http://wikibr.pl/index.php/Darkling	3a04783c57eb815c	200	Darkling – Wiki BR
http://wikibr.pl/index.php/Deski	903a4b9b101d5398	200	Deski – Wiki BR
http://wikibr.pl/index.php/Dielektryk	3f7297dc1d4068b2	200	Dielektryk – Wiki BR
http://wikibr.pl/index.php/Dorsz	9ebe5c86c4b1d1f7	200	Dorsz – Wiki BR
http://wikibr.pl/index.php/Drab	c429473818b64ed5	200	Drab – Wiki BR
http://wikibr.pl/index.php/Drewniany_burkan	c0dd7774afb37c20	200	Drewniany burkan – Wiki BR
http://wikibr.pl/index.php/Drewno	5226c58b0cf67b68	200	Drewno – Wiki BR
http://wikibr.pl/index.php/Drify	765e266ef716db48	200	Drify – Wiki BR
http://wikibr.pl/index.php/Dritan_Żarliwy	c73877b11debcafd	200	Dritan Żarliwy – Wiki BR
http://wikibr.pl/index.php/Drogie_wino	01fb88da2d51dc17	200	Drogie wino – Wiki BR
http://wikibr.pl/index.php/Drugie_urodziny	7cfd1f415cd481dd	200	Drugie urodziny – Wiki BR
http://wikibr.pl/index.php/Druid	e7a0deeff043de6a	200	Druid – Wiki BR
http://wikibr.pl/index.php/Druidzki_Pył_Życia	8963b7f3288c10f2	200	Druidzki Pył Życia – Wiki BR
http://wikibr.pl/index.php/Duch_Energii	8f861dfd8256959c	200	Duch Energii – Wiki BR
http://wikibr.pl/index.php/Duch_Ognia	5dc549268f8e6076	200	Duch Ognia – Wiki BR
http://wikibr.pl/index.php/Duch_Zamku	ada4d8bc34906d8f	200	Duch Zamku – Wiki BR
http://wikibr.pl/index.php/Duch_Zimna	6c50a43df1ae284b	200	Duch Zimna – Wiki BR
http://wikibr.pl/index.php/Dusza_Vorlinga	59b6014ba2e81b17	200	Dusza Vorlinga – Wiki BR
http://wikibr.pl/index.php/Dusza_gada	5f4498181653aaff	200	Dusza gada – Wiki BR
http://wikibr.pl/index.php/Dusza_naznaczonego	dea9b2ce36b25b43	200	Dusza naznaczonego – Wiki BR
http://wikibr.pl/index.php/Dusza_nietoperza	85c2abe5ca8b0005	200	Dusza nietoperza – Wiki BR
http://wikibr.pl/index.php/Dusza_nieumarłego	e757d0c7d1a630be	200	Dusza nieumarłego – Wiki BR
http://wikibr.pl/index.php/Dvigg	09a134983f302652	200	Dvigg – Wiki BR
http://wikibr.pl/index.php/Dynamit_Landaua	eda464f594c870ce	200	Dynamit Landaua – Wiki BR
http://wikibr.pl/index.php/Działki_Gildii	9b0f13e746c995c2	200	Działki Gildii – Wiki BR
http://wikibr.pl/index.php/Dzika_Wyspa	41223a23c078c6c5	200	Dzika Wyspa – Wiki BR
http://wikibr.pl/index.php/Ekstrakt_kondycji	fed44b518019a4cf	200	Ekstrakt kondycji – Wiki BR
http://wikibr.pl/index.php/Ekstrakt_many	f97a985bb818c0e1	200	Ekstrakt many – Wiki BR
http://wikibr.pl/index.php/Ekstrakt_zdrowia	a0dde686116fcc86	200	Ekstrakt zdrowia – Wiki BR
http://wikibr.pl/index.php/Ekstraktor	d6ff15899bc5d080	200	Ekstraktor – Wiki BR
http://wikibr.pl/index.php/Ekwipunek	79ca533d1c1439ce	200	Ekwipunek – Wiki BR
http://wikibr.pl/index.php/Eldingur	3dfc625346220201	200	Eldingur – Wiki BR
http://wikibr.pl/index.php/Element_amarantowy	f53101259d297300	200	Element amarantowy – Wiki BR
http://wikibr.pl/index.php/Element_antracytowy	01561212d03f52d9	200	Element antracytowy – Wiki BR
http://wikibr.pl/index.php/Element_cyjanowy	b503ef4507d01bd5	200	Element cyjanowy – Wiki BR
http://wikibr.pl/index.php/Element_karmazynowy	03d3fa241eb312f9	200	Element karmazynowy – Wiki BR
http://wikibr.pl/index.php/Element_limetytowy	db01b695752ff425	200	Element limetytowy – Wiki BR
http://wikibr.pl/index.php/Eliksir_kondycji	fe0131e44a3bcd27	200	Eliksir kondycji – Wiki BR
http://wikibr.pl/index.php/Eliksir_many	0a93d206d6efa64c	200	Eliksir many – Wiki BR
http://wikibr.pl/index.php/Eliksir_zdrowia	30198601679553d8	200	Eliksir zdrowia – Wiki BR
http://wikibr.pl/index.php/Eliksiry	d353a19ab0e8b69b	200	Eliksiry – Wiki BR
http://wikibr.pl/index.php/Elita_Szalona_Gorgona	45fcdca6ad36e18d	200	Elita Szalona Gorgona – Wiki BR
http://wikibr.pl/index.php/Elity	b8cfb2d4d21e350a	200	Elity – Wiki BR
http://wikibr.pl/index.php/Eov	7b0c75073a87afc8	200	Eov – Wiki BR
http://wikibr.pl/index.php/Eoy_łucznik	3105e3021926cd6b	200	Eoy łucznik – Wiki BR
http://wikibr.pl/index.php/Epiki	10ac30fad1870364	200	Epiki – Wiki BR
http://wikibr.pl/index.php/Era	6222542a82fd2288	200	Era – Wiki BR
http://wikibr.pl/index.php/Esencja	0ce5b7d0d5f1be79	200	Esencja – Wiki BR
http://wikibr.pl/index.php/Eteryczna_lampa	0ae19aff83d8c38d	200	Eteryczna lampa – Wiki BR
http://wikibr.pl/index.php/Eteryczny_katalizator	d74dcb6349c7515c	200	Eteryczny katalizator – Wiki BR
http://wikibr.pl/index.php/Eteryczny_proszek	b85074019b03dd0f	200	Eteryczny proszek – Wiki BR
http://wikibr.pl/index.php/Euceria	01e4ee3a196b0567	200	Euceria – Wiki BR
http://wikibr.pl/index.php/FAQ	77d5b2414088a743	200	FAQ – Wiki BR
http://wikibr.pl/index.php/Fenix	e100c639c2dab217	200	Fenix – Wiki BR
http://wikibr.pl/index.php/Filar	a4e50a4d29577929	200	Filar – Wiki BR
http://wikibr.pl/index.php/Filet_z_dorsza	f0a66780fc11180d	200	Filet z dorsza – Wiki BR
http://wikibr.pl/index.php/Fioletowa_mikstura	75ba95d4f17247b5	200	Fioletowa mikstura – Wiki BR
http://wikibr.pl/index.php/Flaki_nieumarłego	bc636d347358bab6	200	Flaki nieumarłego – Wiki BR
http://wikibr.pl/index.php/Flasze_ulepszeń	b9a5c8848657bca2	200	Flasze ulepszeń – Wiki BR
http://wikibr.pl/index.php/Flaszka_gorzały	e32d2c443b413556	200	Flaszka gorzały – Wiki BR
http://wikibr.pl/index.php/Frakcje	fecb9091261761d5	200	Frakcje – Wiki BR
http://wikibr.pl/index.php/Futro_z_jaka	3a709e02aa3154b8	200	Futro z jaka – Wiki BR
http://wikibr.pl/index.php/Fyodor	343e2f913bf5f8be	200	Fyodor – Wiki BR
http://wikibr.pl/index.php/Gabrysia	dd3f9db6e0495469	200	Gabrysia – Wiki BR
http://wikibr.pl/index.php/Garthmog	60026a3ed88c8c60	200	Garthmog – Wiki BR
http://wikibr.pl/index.php/Gawra	322f6db91bee911b	200	Gawra – Wiki BR
http://wikibr.pl/index.php/Geomorph	d46ea050937c00dc	200	Geomorph – Wiki BR
http://wikibr.pl/index.php/Ghadira	864097e625e8456d	200	Ghadira – Wiki BR
http://wikibr.pl/index.php/Gildia	e38a19d2f475438e	200	Gildia – Wiki BR
http://wikibr.pl/index.php/Glif_arcymistrzowski	82ce0487bcc63bdb	200	Glif arcymistrzowski – Wiki BR
http://wikibr.pl/index.php/Glif_bakalarski	9ca092345f62d5a3	200	Glif bakalarski – Wiki BR
http://wikibr.pl/index.php/Glif_elementarny	5c6f9db4a9f6c24f	200	Glif elementarny – Wiki BR
http://wikibr.pl/index.php/Glif_uczniowski	1f5caea69c4bcc02	200	Glif uczniowski – Wiki BR
http://wikibr.pl/index.php/Gmo	60da8d852e42330a	200	Gmo – Wiki BR
http://wikibr.pl/index.php/Gnat_Yoko	477e3df9b7e331bc	200	Gnat Yoko – Wiki BR
http://wikibr.pl/index.php/Gnawk	1521c84ae725691b	200	Gnawk – Wiki BR
http://wikibr.pl/index.php/Gnida	99454b5f871008ea	200	Gnida – Wiki BR
http://wikibr.pl/index.php/Granit	5822cca75fe72fa8	200	Granit – Wiki BR
http://wikibr.pl/index.php/Granitowy_Golem_Elita	f10f0253bc3ed713	200	Granitowy Golem Elita – Wiki BR
http://wikibr.pl/index.php/Gregorius	e633e655d5e9495b	200	Gregorius – Wiki BR
http://wikibr.pl/index.php/Grobnica	d2f8fb6094f529d6	200	Grobnica – Wiki BR
http://wikibr.pl/index.php/Grobowiec_Duchów	3269b76faaadc998	200	Grobowiec Duchów – Wiki BR
http://wikibr.pl/index.php/Grzyby_Nanacatl	04b267fbf4e086df	200	Grzyby Nanacatl – Wiki BR
http://wikibr.pl/index.php/Grzyby_naskalne	46cae6db5671e118	200	Grzyby naskalne – Wiki BR
http://wikibr.pl/index.php/Gręplowane_futro_jaka	4615d87e06475344	200	Gręplowane futro jaka – Wiki BR
http://wikibr.pl/index.php/Głowa_demona	f292513620a36877	200	Głowa demona – Wiki BR
http://wikibr.pl/index.php/Głowa_szamana	43533d0d8886f7a6	200	Głowa szamana – Wiki BR
http://wikibr.pl/index.php/Głębia_Oddechu	07d2182964263b5e	200	Głębia Oddechu – Wiki BR
http://wikibr.pl/index.php/Halit	1a1731f0e84d37a3	200	Halit – Wiki BR
http://wikibr.pl/index.php/Halmengir	84cb29fa4f16d5b0	200	Halmengir – Wiki BR
http://wikibr.pl/index.php/Harlair	484e8bb3ccb8e921	200	Harlair – Wiki BR
http://wikibr.pl/index.php/Hellar	6170e2b3ee02efb7	200	Hellar – Wiki BR
http://wikibr.pl/index.php/Herszt	c14a7331c8d6395c	200	Herszt – Wiki BR
http://wikibr.pl/index.php/Heurokratos	24c1a54351e3307a	200	Heurokratos – Wiki BR
http://wikibr.pl/index.php/Hiena	f66863fe72b86018	200	Hiena – Wiki BR
http://wikibr.pl/index.php/Hobgoblin_Klucznik	333dfe9332460219	200	Hobgoblin Klucznik – Wiki BR
http://wikibr.pl/index.php/Hohgrat	4e4ed1e10f431976	200	Hohgrat – Wiki BR
http://wikibr.pl/index.php/Hvar	db7458d844692ef3	200	Hvar – Wiki BR
http://wikibr.pl/index.php/Ichtion	e8221686f69ad3db	200	Ichtion – Wiki BR
http://wikibr.pl/index.php/Imperialny_naramiennik	dd88ab9c7c5dd4a3	200	Imperialny naramiennik – Wiki BR
http://wikibr.pl/index.php/Imperiał	7a831c024ccfe908	200	Imperiał – Wiki BR
http://wikibr.pl/index.php/Inhibitor_andilunirowy	0b002bfe72d30f3e	200	Inhibitor andilunirowy – Wiki BR
http://wikibr.pl/index.php/Inhibitor_diamentowy	6fe3fb156ba668b2	200	Inhibitor diamentowy – Wiki BR
http://wikibr.pl/index.php/Inhibitor_korundowy	1286d76259ee8612	200	Inhibitor korundowy – Wiki BR
http://wikibr.pl/index.php/Inhibitor_kwarcowy	3309bb942b6f3a49	200	Inhibitor kwarcowy – Wiki BR
http://wikibr.pl/index.php/Inhibitor_platynowy	855ed0bcedc3fb9b	200	Inhibitor platynowy – Wiki BR
http://wikibr.pl/index.php/Inhibitor_szmaragdowy	3ba2a3f16f916b78	200	Inhibitor szmaragdowy – Wiki BR
http://wikibr.pl/index.php/Inhibitor_topazowy	0209002fe6533801	200	Inhibitor topazowy – Wiki BR
http://wikibr.pl/index.php/Inhibitor_turkusowy	86a8d957434691e2	200	Inhibitor turkusowy – Wiki BR
http://wikibr.pl/index.php/Inhibitory	a3ff1cee6aebc68e	200	Inhibitory – Wiki BR
http://wikibr.pl/index.php/Inkarra	3fe0ab78585d9676	200	Inkarra – Wiki BR
http://wikibr.pl/index.php/Instancje	f2d9e38b9e4f9bcb	200	Instancje – Wiki BR
http://wikibr.pl/index.php/Irudam	60ca463c21f3cd6c	200	Irudam – Wiki BR
http://wikibr.pl/index.php/Isher	9beb95fdd372dd09	200	Isher – Wiki BR
http://wikibr.pl/index.php/Itemki_roboczo	57b037594b458211	200	Itemki roboczo – Wiki BR
http://wikibr.pl/index.php/Jabcokówka	25230f30a15f5325	200	Jabcokówka – Wiki BR
http://wikibr.pl/index.php/Jad_Matacza	d77c486d73c0acaa	200	Jad Matacza – Wiki BR
http://wikibr.pl/index.php/Jad_Zabójców	0034b56eff899887	200	Jad Zabójców – Wiki BR
http://wikibr.pl/index.php/Jad_pszczół	50b80f0b168c352c	200	Jad pszczół – Wiki BR
http://wikibr.pl/index.php/Jagody	79fbdbe5328116f0	200	Jagody – Wiki BR
http://wikibr.pl/index.php/Jaguar	a94c619b183aee04	200	Jaguar – Wiki BR
http://wikibr.pl/index.php/Jajo_jastrząbków	22dfc0f6fd9ab54b	200	Jajo jastrząbków – Wiki BR
http://wikibr.pl/index.php/Jaski_Golema_(Wyzwanie)	e6d7cf0aeb7e1c32	200	Jaski Golema (Wyzwanie) – Wiki BR
http://wikibr.pl/index.php/Jaskinia_Amorfy	bd50fba20d797a5f	200	Jaskinia Amorfy – Wiki BR
http://wikibr.pl/index.php/Jaskinia_Golema	29ca6419a210e060	200	Jaskinia Golema – Wiki BR
http://wikibr.pl/index.php/Jaskinia_Golema_(Poznanie)	2c8ec0ae19065e42	200	Jaskinia Golema (Poznanie) – Wiki BR
http://wikibr.pl/index.php/Jaskinia_Niedźwiedzia	7ca79eedc0b417dd	200	Jaskinia Niedźwiedzia – Wiki BR
http://wikibr.pl/index.php/Jaskinia_Południowa	078ba239e3660990	200	Jaskinia Południowa – Wiki BR
http://wikibr.pl/index.php/Jaskinia_Smoka	48195918a6cccb2b	200	Jaskinia Smoka – Wiki BR
http://wikibr.pl/index.php/Jaskinia_Wilków	73c790a13e7a5d3a	200	Jaskinia Wilków – Wiki BR
http://wikibr.pl/index.php/Jaskółka	52ab60aa7e7aa721	200	Jaskółka – Wiki BR
http://wikibr.pl/index.php/Jastrzębior	76d9b10d43399cb0	200	Jastrzębior – Wiki BR
http://wikibr.pl/index.php/Jedzenie	4fb3aedfe836cd03	200	Jedzenie – Wiki BR
http://wikibr.pl/index.php/Jeovall_druid	40f0b31106d0ac62	200	Jeovall druid – Wiki BR
http://wikibr.pl/index.php/Jesienica	d847f046379a77af	200	Jesienica – Wiki BR
http://wikibr.pl/index.php/Jurghao_rycerz	2d9feeccfc254710	200	Jurghao rycerz – Wiki BR
http://wikibr.pl/index.php/Kadzielnica_hordy	0213410b5820a445	200	Kadzielnica hordy – Wiki BR
http://wikibr.pl/index.php/Kadzielnica_uruków	ac85e8de214b3a5e	200	Kadzielnica uruków – Wiki BR
http://wikibr.pl/index.php/Kamienie	8632314611c32fcf	200	Kamienie – Wiki BR
http://wikibr.pl/index.php/Kamień_Tresera	94ad8795633fed9c	200	Kamień Tresera – Wiki BR
http://wikibr.pl/index.php/Kapłan_Śmierci	adf476cd18510f91	200	Kapłan Śmierci – Wiki BR
