988af2100410	200	GET	text/html; charset=UTF-8	https://anteikutaern.at.ua/pety/
f737ea1dca54	200	GET	application/javascript; charset=UTF-8	https://anteikutaern.at.ua/jquery-3.7.1.min.js
9b861622f909	200	GET	application/javascript; charset=UTF-8	https://anteikutaern.at.ua/jquery-ui.min.js
a00922eb4d04	200	GET	application/javascript; charset=UTF-8	https://anteikutaern.at.ua/raresImg/lightbox.js
c1088b6c2aaa	200	GET	application/javascript; charset=UTF-8	https://anteikutaern.at.ua/raresImg/zapusk.js?1791526524069
aedd4bd753d9	200	GET	application/javascript; charset=UTF-8	https://anteikutaern.at.ua/raresImg/anteikumenu.js?453
e90d8f6391c5	200	GET	application/javascript; charset=UTF-8	https://anteikutaern.at.ua/raresImg/tableeqT.js?453
2ca83d68a245	200	GET	application/json	https://anteikutaern.at.ua/raresImg/anteikuDBversion.json?_=1791526524480
e70100632d08	200	GET	application/javascript; charset=utf-8	https://cdnjs.cloudflare.com/ajax/libs/html2canvas/1.4.1/html2canvas.min.js
558527f883f8	200	GET	application/json	https://anteikutaern.at.ua/raresImg/all_map_elements.json?_=1791526524970
47082a876ade	200	GET	application/javascript	https://mc.yandex.ru/metrika/tag.js
e966de54de9e	200	GET	application/json; charset=utf-8	https://mc.yandex.com/watch/81337741/1?wmode=7&page-url=https%3A%2F%2Fanteikutaern.at.ua%2Fpety%2F&charset=utf-8&uah=che%0A0&browser-info=pv%3A1%3Avf%3Ajeu2ees5yi9qi1u8go1yz2nmugpom3%3Afu%3A0%3Aen%3Autf-8%3Ala%3Aen-US%3Av%3A2660%3Acn%3A1%3Adp%3A0%3Als%3A1577106901430%3Ahid%3A553850975%3Az%3A420%3Ai%3A20261009131525%3Aet%3A1791526525%3Ac%3A1%3Arn%3A500330639%3Arqn%3A1%3Au%3A1791526525161768930%3Aw%3A1600x1000%3As%3A2560x1440x24%3Ask%3A1%3Afp%3A1487%3Awv%3A2%3Ads%3A206%2C605%2C108%2C0%2C-2%2C0%2C%2C409%2C4%2C%2C%2C%2C1371%3Aco%3A0%3Ahdl%3A1%3Ans%3A1791526522696%3Arqnl%3A1%3Ast%3A1791526525%3At%3A%D0%9F%D0%B8%D1%82%D0%BE%D0%BC%D1%86%D1%8B%20Broken%20Ranks%20%E2%80%94%20%D1%81%D0%BF%D0%B8%D1%81%D0%BE%D0%BA%20%D0%B8%20%D0%BE%D0%BF%D0%B8%D1%81%D0%B0%D0%BD%D0%B8%D0%B5&t=clt%281230%29gdpr%2814%29clc%280-0-0%29rqnt%281%29aw%281%29rcm%281%29cdl%28na%29eco%2842009088%29ti%281%29&redirnss=1
988af2100410	200	GET	text/html; charset=UTF-8	https://anteikutaern.at.ua/pety/
a00922eb4d04	200	GET	application/javascript; charset=UTF-8	https://anteikutaern.at.ua/raresImg/lightbox.js
f737ea1dca54	200	GET	application/javascript; charset=UTF-8	https://anteikutaern.at.ua/jquery-3.7.1.min.js
9b861622f909	200	GET	application/javascript; charset=UTF-8	https://anteikutaern.at.ua/jquery-ui.min.js
b98da81c4770	200	GET	application/javascript; charset=UTF-8	https://anteikutaern.at.ua/raresImg/zapusk.js?1791526544195
aedd4bd753d9	200	GET	application/javascript; charset=UTF-8	https://anteikutaern.at.ua/raresImg/anteikumenu.js?453
e90d8f6391c5	200	GET	application/javascript; charset=UTF-8	https://anteikutaern.at.ua/raresImg/tableeqT.js?453
8326a04d3814	200	GET	application/json	https://anteikutaern.at.ua/raresImg/anteikuDBversion.json?_=1791526544676
e70100632d08	200	GET	application/javascript; charset=utf-8	https://cdnjs.cloudflare.com/ajax/libs/html2canvas/1.4.1/html2canvas.min.js
47082a876ade	200	GET	application/javascript	https://mc.yandex.ru/metrika/tag.js
8b5f783f6191	200	GET	application/json	https://anteikutaern.at.ua/raresImg/all_map_elements.json?_=1791526545189
beff84f7f043	200	GET	application/json; charset=utf-8	https://mc.yandex.com/watch/81337741/1?wmode=7&page-url=https%3A%2F%2Fanteikutaern.at.ua%2Fpety%2F&charset=utf-8&uah=che%0A0&browser-info=pv%3A1%3Avf%3Ajeu2ees5yi9qi1u8go1yz2nmugpom3%3Afu%3A0%3Aen%3Autf-8%3Ala%3Aen-US%3Av%3A2660%3Acn%3A1%3Adp%3A0%3Als%3A1673420964516%3Ahid%3A353602823%3Az%3A420%3Ai%3A20261009131545%3Aet%3A1791526546%3Ac%3A1%3Arn%3A753299936%3Arqn%3A1%3Au%3A1791526546428515445%3Aw%3A1600x1000%3As%3A1366x768x24%3Ask%3A1%3Afp%3A1406%3Awv%3A2%3Ads%3A153%2C500%2C104%2C0%2C-3%2C0%2C%2C443%2C3%2C%2C%2C%2C1268%3Aco%3A0%3Ahdl%3A1%3Ans%3A1791526542927%3Arqnl%3A1%3Ast%3A1791526546%3At%3A%D0%9F%D0%B8%D1%82%D0%BE%D0%BC%D1%86%D1%8B%20Broken%20Ranks%20%E2%80%94%20%D1%81%D0%BF%D0%B8%D1%81%D0%BE%D0%BA%20%D0%B8%20%D0%BE%D0%BF%D0%B8%D1%81%D0%B0%D0%BD%D0%B8%D0%B5&t=clt%281174%29gdpr%2814%29clc%280-0-0%29rqnt%281%29aw%281%29rcm%281%29cdl%28na%29eco%2842009088%29ti%281%29&redirnss=1
